,Unnamed: 0,ID,Industry,Name
0,0,1101,水泥工業,台泥
1,1,1102,水泥工業,亞泥
2,2,1103,水泥工業,嘉泥
3,3,1104,水泥工業,環泥
4,4,1108,水泥工業,幸福
5,5,1109,水泥工業,信大
6,6,1110,水泥工業,東泥
7,7,1201,食品工業,味全
8,8,1203,食品工業,味王
9,9,1210,食品工業,大成
10,10,1213,食品工業,大飲
11,11,1215,食品工業,卜蜂
12,12,1216,食品工業,統一
13,13,1217,食品工業,愛之味
14,14,1218,食品工業,泰山
15,15,1219,食品工業,福壽
16,16,1220,食品工業,台榮
17,17,1225,食品工業,福懋油
18,18,1227,食品工業,佳格
19,19,1229,食品工業,聯華
20,20,1231,食品工業,聯華食
21,21,1232,食品工業,大統益
22,22,1233,食品工業,天仁
23,23,1234,食品工業,黑松
24,24,1235,食品工業,興泰
25,25,1236,食品工業,宏亞
26,26,1256,食品工業,鮮活果汁-KY
27,27,1301,塑膠工業,台塑
28,28,1303,塑膠工業,南亞
29,29,1304,塑膠工業,台聚
30,30,1305,塑膠工業,華夏
31,31,1307,塑膠工業,三芳
32,32,1308,塑膠工業,亞聚
33,33,1309,塑膠工業,台達化
34,34,1310,塑膠工業,台苯
35,35,1312,塑膠工業,國喬
36,36,1313,塑膠工業,聯成
37,37,1314,塑膠工業,中石化
38,38,1315,塑膠工業,達新
39,39,1316,建材營造業,上曜
40,40,1319,汽車工業,東陽
41,41,1321,塑膠工業,大洋
42,42,1323,塑膠工業,永裕
43,43,1324,塑膠工業,地球
44,44,1325,塑膠工業,恆大
45,45,1326,塑膠工業,台化
46,46,1337,塑膠工業,再生-KY
47,47,1338,汽車工業,廣華-KY
48,48,1339,汽車工業,昭輝
49,49,1340,塑膠工業,勝悅-KY
50,50,1341,塑膠工業,富林-KY
51,51,1342,其他業,八貫
52,52,1402,紡織纖維,遠東新
53,53,1409,紡織纖維,新纖
54,54,1410,紡織纖維,南染
55,55,1413,紡織纖維,宏洲
56,56,1414,紡織纖維,東和
57,57,1416,其他業,廣豐
58,58,1417,紡織纖維,嘉裕
59,59,1418,紡織纖維,東華
60,60,1419,紡織纖維,新紡
61,61,1423,紡織纖維,利華
62,62,1432,貿易百貨業,大魯閣
63,63,1434,紡織纖維,福懋
64,64,1435,其他業,中福
65,65,1436,建材營造業,華友聯
66,66,1437,其他業,勤益控
67,67,1438,建材營造業,三地開發
68,68,1439,紡織纖維,中和
69,69,1440,紡織纖維,南紡
70,70,1441,紡織纖維,大東
71,71,1442,建材營造業,名軒
72,72,1443,紡織纖維,立益
73,73,1444,紡織纖維,力麗
74,74,1445,紡織纖維,大宇
75,75,1446,紡織纖維,宏和
76,76,1447,紡織纖維,力鵬
77,77,1449,紡織纖維,佳和
78,78,1451,紡織纖維,年興
79,79,1452,紡織纖維,宏益
80,80,1453,紡織纖維,大將
81,81,1454,紡織纖維,台富
82,82,1455,紡織纖維,集盛
83,83,1456,紡織纖維,怡華
84,84,1457,紡織纖維,宜進
85,85,1459,紡織纖維,聯發
86,86,1460,紡織纖維,宏遠
87,87,1463,紡織纖維,強盛
88,88,1464,紡織纖維,得力
89,89,1465,紡織纖維,偉全
90,90,1466,紡織纖維,聚隆
91,91,1467,紡織纖維,南緯
92,92,1468,紡織纖維,昶和
93,93,1470,紡織纖維,大統新創
94,94,1471,電子零組件業,首利
95,95,1472,紡織纖維,三洋紡
96,96,1473,紡織纖維,台南
97,97,1474,紡織纖維,弘裕
98,98,1475,紡織纖維,業旺
99,99,1476,紡織纖維,儒鴻
100,100,1477,紡織纖維,聚陽
101,101,1503,電機機械,士電
102,102,1504,電機機械,東元
103,103,1506,電機機械,正道
104,104,1507,電機機械,永大
105,105,1512,汽車工業,瑞利
106,106,1513,電機機械,中興電
107,107,1514,電機機械,亞力
108,108,1515,電機機械,力山
109,109,1516,其他業,川飛
110,110,1517,電機機械,利奇
111,111,1519,電機機械,華城
112,112,1521,汽車工業,大億
113,113,1522,汽車工業,堤維西
114,114,1524,汽車工業,耿鼎
115,115,1525,汽車工業,江申
116,116,1526,電機機械,日馳
117,117,1527,電機機械,鑽全
118,118,1528,電機機械,恩德
119,119,1529,電機機械,樂士
120,120,1530,電機機械,亞崴
121,121,1531,電機機械,高林股
122,122,1532,電機機械,勤美
123,123,1533,汽車工業,車王電
124,124,1535,電機機械,中宇
125,125,1536,汽車工業,和大
126,126,1537,電機機械,廣隆
127,127,1538,電機機械,正峰
128,128,1539,電機機械,巨庭
129,129,1540,電機機械,喬福
130,130,1541,電機機械,錩泰
131,131,1558,電機機械,伸興
132,132,1560,電機機械,中砂
133,133,1568,汽車工業,倉佑
134,134,1582,電子零組件業,信錦
135,135,1583,電機機械,程泰
136,136,1587,汽車工業,吉茂
137,137,1589,電機機械,永冠-KY
138,138,1590,電機機械,亞德客-KY
139,139,1592,汽車工業,英瑞-KY
140,140,1597,電機機械,直得
141,141,1598,生技醫療業,岱宇
142,142,1603,電器電纜,華電
143,143,1604,電器電纜,聲寶
144,144,1605,電器電纜,華新
145,145,1608,電器電纜,華榮
146,146,1609,電器電纜,大亞
147,147,1611,電器電纜,中電
148,148,1612,電器電纜,宏泰
149,149,1614,電器電纜,三洋電
150,150,1615,電器電纜,大山
151,151,1616,電器電纜,億泰
152,152,1617,電器電纜,榮星
153,153,1618,電器電纜,合機
154,154,1626,電器電纜,艾美特-KY
155,155,1701,生技醫療業,中化
156,156,1702,食品工業,南僑
157,157,1707,生技醫療業,葡萄王
158,158,1708,化學工業,東鹼
159,159,1709,化學工業,和益
160,160,1710,化學工業,東聯
161,161,1711,化學工業,永光
162,162,1712,化學工業,興農
163,163,1713,化學工業,國化
164,164,1714,化學工業,和桐
165,165,1717,化學工業,長興
166,166,1718,化學工業,中纖
167,167,1720,生技醫療業,生達
168,168,1721,化學工業,三晃
169,169,1722,化學工業,台肥
170,170,1723,化學工業,中碳
171,171,1724,化學工業,台硝
172,172,1725,化學工業,元禎
173,173,1726,化學工業,永記
174,174,1727,化學工業,中華化
175,175,1730,化學工業,花仙子
176,176,1731,生技醫療業,美吾華
177,177,1732,化學工業,毛寶
178,178,1733,生技醫療業,五鼎
179,179,1734,生技醫療業,杏輝
180,180,1735,化學工業,日勝化
181,181,1736,生技醫療業,喬山
182,182,1737,食品工業,臺鹽
183,183,1760,生技醫療業,寶齡富錦
184,184,1762,生技醫療業,中化生
185,185,1773,化學工業,勝一
186,186,1776,化學工業,展宇
187,187,1783,生技醫療業,和康生
188,188,1786,生技醫療業,科妍
189,189,1789,生技醫療業,神隆
190,190,1795,生技醫療業,美時
191,191,1802,玻璃陶瓷,台玻
192,192,1805,建材營造業,寶徠
193,193,1806,玻璃陶瓷,冠軍
194,194,1808,建材營造業,潤隆
195,195,1809,玻璃陶瓷,中釉
196,196,1810,玻璃陶瓷,和成
197,197,1817,玻璃陶瓷,凱撒衛
198,198,1903,造紙工業,士紙
199,199,1904,造紙工業,正隆
200,200,1905,造紙工業,華紙
201,201,1906,造紙工業,寶隆
202,202,1907,造紙工業,永豐餘
203,203,1909,造紙工業,榮成
204,204,2002,鋼鐵工業,中鋼
205,205,2006,鋼鐵工業,東和鋼鐵
206,206,2007,鋼鐵工業,燁興
207,207,2008,鋼鐵工業,高興昌
208,208,2009,鋼鐵工業,第一銅
209,209,2010,鋼鐵工業,春源
210,210,2012,鋼鐵工業,春雨
211,211,2013,鋼鐵工業,中鋼構
212,212,2014,鋼鐵工業,中鴻
213,213,2015,鋼鐵工業,豐興
214,214,2017,鋼鐵工業,官田鋼
215,215,2020,鋼鐵工業,美亞
216,216,2022,鋼鐵工業,聚亨
217,217,2023,鋼鐵工業,燁輝
218,218,2024,鋼鐵工業,志聯
219,219,2025,鋼鐵工業,千興
220,220,2027,鋼鐵工業,大成鋼
221,221,2028,鋼鐵工業,威致
222,222,2029,鋼鐵工業,盛餘
223,223,2030,鋼鐵工業,彰源
224,224,2031,鋼鐵工業,新光鋼
225,225,2032,鋼鐵工業,新鋼
226,226,2033,鋼鐵工業,佳大
227,227,2034,鋼鐵工業,允強
228,228,2038,鋼鐵工業,海光
229,229,2049,電機機械,上銀
230,230,2059,電子零組件業,川湖
231,231,2062,其他業,橋椿
232,232,2069,鋼鐵工業,運錩
233,233,2101,橡膠工業,南港
234,234,2102,橡膠工業,泰豐
235,235,2103,橡膠工業,台橡
236,236,2104,橡膠工業,國際中橡
237,237,2105,橡膠工業,正新
238,238,2106,橡膠工業,建大
239,239,2107,橡膠工業,厚生
240,240,2108,橡膠工業,南帝
241,241,2109,橡膠工業,華豐
242,242,2114,橡膠工業,鑫永銓
243,243,2115,汽車工業,六暉-KY
244,244,2201,汽車工業,裕隆
245,245,2204,汽車工業,中華
246,246,2206,汽車工業,三陽工業
247,247,2207,汽車工業,和泰車
248,248,2208,航運業,台船
249,249,2227,汽車工業,裕日車
250,250,2228,汽車工業,劍麟
251,251,2231,汽車工業,為升
252,252,2233,汽車工業,宇隆
253,253,2236,汽車工業,百達-KY
254,254,2239,汽車工業,英利-KY
255,255,2241,電機機械,艾姆勒
256,256,2243,汽車工業,宏旭-KY
257,257,2247,汽車工業,汎德永業
258,258,2301,電腦及週邊設備業,光寶科
259,259,2302,半導體業,麗正
260,260,2303,半導體業,聯電
261,261,2305,電腦及週邊設備業,全友
262,262,2308,電子零組件業,台達電
263,263,2312,其他電子業,金寶
264,264,2313,電子零組件業,華通
265,265,2314,通信網路業,台揚
266,266,2316,電子零組件業,楠梓電
267,267,2317,其他電子業,鴻海
268,268,2321,通信網路業,東訊
269,269,2323,光電業,中環
270,270,2324,電腦及週邊設備業,仁寶
271,271,2327,電子零組件業,國巨
272,272,2328,電子零組件業,廣宇
273,273,2329,半導體業,華泰
274,274,2330,半導體業,台積電
275,275,2331,電腦及週邊設備業,精英
276,276,2332,通信網路業,友訊
277,277,2337,半導體業,旺宏
278,278,2338,半導體業,光罩
279,279,2340,光電業,光磊
280,280,2342,半導體業,茂矽
281,281,2344,半導體業,華邦電
282,282,2345,通信網路業,智邦
283,283,2347,電子通路業,聯強
284,284,2348,其他業,海悅
285,285,2349,光電業,錸德
286,286,2351,半導體業,順德
287,287,2352,電腦及週邊設備業,佳世達
288,288,2353,電腦及週邊設備業,宏碁
289,289,2354,其他電子業,鴻準
290,290,2355,電子零組件業,敬鵬
291,291,2356,電腦及週邊設備業,英業達
292,292,2357,電腦及週邊設備業,華碩
293,293,2358,其他業,廷鑫
294,294,2359,其他電子業,所羅門
295,295,2360,其他電子業,致茂
296,296,2362,電腦及週邊設備業,藍天
297,297,2363,半導體業,矽統
298,298,2364,電腦及週邊設備業,倫飛
299,299,2365,電腦及週邊設備業,昆盈
300,300,2367,電子零組件業,燿華
301,301,2368,電子零組件業,金像電
302,302,2369,半導體業,菱生
303,303,2371,電機機械,大同
304,304,2373,其他電子業,震旦行
305,305,2374,光電業,佳能
306,306,2375,電子零組件業,凱美
307,307,2376,電腦及週邊設備業,技嘉
308,308,2377,電腦及週邊設備業,微星
309,309,2379,半導體業,瑞昱
310,310,2380,電腦及週邊設備業,虹光
311,311,2382,電腦及週邊設備業,廣達
312,312,2383,電子零組件業,台光電
313,313,2385,電子零組件業,群光
314,314,2387,電腦及週邊設備業,精元
315,315,2388,半導體業,威盛
316,316,2390,其他電子業,云辰
317,317,2392,電子零組件業,正崴
318,318,2393,光電業,億光
319,319,2395,電腦及週邊設備業,研華
320,320,2397,電腦及週邊設備業,友通
321,321,2399,電腦及週邊設備業,映泰
322,322,2401,半導體業,凌陽
323,323,2402,電子零組件業,毅嘉
324,324,2404,其他電子業,漢唐
325,325,2405,電腦及週邊設備業,浩鑫
326,326,2406,光電業,國碩
327,327,2408,半導體業,南亞科
328,328,2409,光電業,友達
329,329,2412,通信網路業,中華電
330,330,2413,電子零組件業,環科
331,331,2414,電子通路業,精技
332,332,2415,電子零組件業,錩新
333,333,2417,電腦及週邊設備業,圓剛
334,334,2419,通信網路業,仲琦
335,335,2420,電子零組件業,新巨
336,336,2421,電子零組件業,建準
337,337,2423,其他電子業,固緯
338,338,2424,電腦及週邊設備業,隴華
339,339,2425,電腦及週邊設備業,承啟
340,340,2426,光電業,鼎元
341,341,2427,資訊服務業,三商電
342,342,2428,電子零組件業,興勤
343,343,2429,電子零組件業,銘旺科
344,344,2430,電子通路業,燦坤
345,345,2431,電子零組件業,聯昌
346,346,2433,其他電子業,互盛電
347,347,2434,半導體業,統懋
348,348,2436,半導體業,偉詮電
349,349,2438,光電業,翔耀
350,350,2439,通信網路業,美律
351,351,2440,電子零組件業,太空梭
352,352,2441,半導體業,超豐
353,353,2442,電腦及週邊設備業,新美齊
354,354,2443,其他業,億麗
355,355,2444,通信網路業,兆勁
356,356,2448,光電業,晶電
357,357,2449,半導體業,京元電子
358,358,2450,通信網路業,神腦
359,359,2451,半導體業,創見
360,360,2453,資訊服務業,凌群
361,361,2454,半導體業,聯發科
362,362,2455,通信網路業,全新
363,363,2456,電子零組件業,奇力新
364,364,2457,電子零組件業,飛宏
365,365,2458,半導體業,義隆
366,366,2459,電子通路業,敦吉
367,367,2460,電子零組件業,建通
368,368,2461,其他電子業,光群雷
369,369,2462,電子零組件業,良得電
370,370,2464,其他電子業,盟立
371,371,2465,電腦及週邊設備業,麗臺
372,372,2466,光電業,冠西電
373,373,2467,電子零組件業,志聖
374,374,2468,資訊服務業,華經
375,375,2471,資訊服務業,資通
376,376,2472,電子零組件業,立隆電
377,377,2474,其他電子業,可成
378,378,2476,電子零組件業,鉅祥
379,379,2477,其他電子業,美隆電
380,380,2478,電子零組件業,大毅
381,381,2480,資訊服務業,敦陽科
382,382,2481,半導體業,強茂
383,383,2482,其他電子業,連宇
384,384,2483,電子零組件業,百容
385,385,2484,電子零組件業,希華
386,386,2485,通信網路業,兆赫
387,387,2486,光電業,一詮
388,388,2488,其他電子業,漢平
389,389,2489,光電業,瑞軒
390,390,2491,光電業,吉祥全
391,391,2492,電子零組件業,華新科
392,392,2493,電子零組件業,揚博
393,393,2495,其他電子業,普安
394,394,2496,其他業,卓越
395,395,2497,汽車工業,怡利電
396,396,2498,通信網路業,宏達電
397,397,2501,建材營造業,國建
398,398,2504,建材營造業,國產
399,399,2505,建材營造業,國揚
400,400,2506,建材營造業,太設
401,401,2509,建材營造業,全坤建
402,402,2511,建材營造業,太子
403,403,2514,其他業,龍邦
404,404,2515,建材營造業,中工
405,405,2516,建材營造業,新建
406,406,2520,建材營造業,冠德
407,407,2524,建材營造業,京城
408,408,2527,建材營造業,宏璟
409,409,2528,建材營造業,皇普
410,410,2530,建材營造業,華建
411,411,2534,建材營造業,宏盛
412,412,2535,建材營造業,達欣工
413,413,2536,建材營造業,宏普
414,414,2537,建材營造業,聯上發
415,415,2538,建材營造業,基泰
416,416,2539,建材營造業,櫻花建
417,417,2540,建材營造業,愛山林
418,418,2542,建材營造業,興富發
419,419,2543,建材營造業,皇昌
420,420,2545,建材營造業,皇翔
421,421,2546,建材營造業,根基
422,422,2547,建材營造業,日勝生
423,423,2548,建材營造業,華固
424,424,2597,建材營造業,潤弘
425,425,2601,貿易百貨業,益航
426,426,2603,航運業,長榮
427,427,2605,航運業,新興
428,428,2606,航運業,裕民
429,429,2607,航運業,榮運
430,430,2608,航運業,嘉里大榮
431,431,2609,航運業,陽明
432,432,2610,航運業,華航
433,433,2611,航運業,志信
434,434,2612,航運業,中航
435,435,2613,航運業,中櫃
436,436,2614,貿易百貨業,東森
437,437,2615,航運業,萬海
438,438,2616,油電燃氣業,山隆
439,439,2617,航運業,台航
440,440,2618,航運業,長榮航
441,441,2630,航運業,亞航
442,442,2633,航運業,台灣高鐵
443,443,2634,航運業,漢翔
444,444,2636,航運業,台驊投控
445,445,2637,航運業,慧洋-KY
446,446,2642,航運業,宅配通
447,447,2701,觀光事業,萬企
448,448,2702,觀光事業,華園
449,449,2704,觀光事業,國賓
450,450,2705,觀光事業,六福
451,451,2706,觀光事業,第一店
452,452,2707,觀光事業,晶華
453,453,2712,觀光事業,遠雄來
454,454,2722,觀光事業,夏都
455,455,2723,觀光事業,美食-KY
456,456,2727,觀光事業,王品
457,457,2731,觀光事業,雄獅
458,458,2739,觀光事業,寒舍
459,459,2748,觀光事業,雲品
460,460,2801,金融保險業,彰銀
461,461,2809,金融保險業,京城銀
462,462,2812,金融保險業,台中銀
463,463,2816,金融保險業,旺旺保
464,464,2820,金融保險業,華票
465,465,2823,金融保險業,中壽
466,466,2832,金融保險業,台產
467,467,2834,金融保險業,臺企銀
468,468,2836,金融保險業,高雄銀
469,469,2838,金融保險業,聯邦銀
470,470,2841,建材營造業,台開
471,471,2845,金融保險業,遠東銀
472,472,2849,金融保險業,安泰銀
473,473,2850,金融保險業,新產
474,474,2851,金融保險業,中再保
475,475,2852,金融保險業,第一保
476,476,2855,金融保險業,統一證
477,477,2867,金融保險業,三商壽
478,478,2880,金融保險業,華南金
479,479,2881,金融保險業,富邦金
480,480,2882,金融保險業,國泰金
481,481,2883,金融保險業,開發金
482,482,2884,金融保險業,玉山金
483,483,2885,金融保險業,元大金
484,484,2886,金融保險業,兆豐金
485,485,2887,金融保險業,台新金
486,486,2888,金融保險業,新光金
487,487,2889,金融保險業,國票金
488,488,2890,金融保險業,永豐金
489,489,2891,金融保險業,中信金
490,490,2892,金融保險業,第一金
491,491,2897,金融保險業,王道銀行
492,492,2901,貿易百貨業,欣欣
493,493,2903,貿易百貨業,遠百
494,494,2904,其他業,匯僑
495,495,2905,貿易百貨業,三商
496,496,2906,貿易百貨業,高林
497,497,2908,貿易百貨業,特力
498,498,2910,貿易百貨業,統領
499,499,2911,貿易百貨業,麗嬰房
500,500,2912,貿易百貨業,統一超
501,501,2913,貿易百貨業,農林
502,502,2915,貿易百貨業,潤泰全
503,503,2923,建材營造業,鼎固-KY
504,504,2929,貿易百貨業,淘帝-KY
505,505,2936,貿易百貨業,客思達-KY
506,506,2939,貿易百貨業,凱羿-KY
507,507,3002,電腦及週邊設備業,歐格
508,508,3003,電子零組件業,健和興
509,509,3004,鋼鐵工業,豐達科
510,510,3005,電腦及週邊設備業,神基
511,511,3006,半導體業,晶豪科
512,512,3008,光電業,大立光
513,513,3010,電子通路業,華立
514,514,3011,電子零組件業,今皓
515,515,3013,電腦及週邊設備業,晟銘電
516,516,3014,半導體業,聯陽
517,517,3015,電子零組件業,全漢
518,518,3016,半導體業,嘉晶
519,519,3017,電腦及週邊設備業,奇鋐
520,520,3018,其他電子業,同開
521,521,3019,光電業,亞光
522,522,3021,電子零組件業,鴻名
523,523,3022,電腦及週邊設備業,威強電
524,524,3023,電子零組件業,信邦
525,525,3024,光電業,憶聲
526,526,3025,通信網路業,星通
527,527,3026,電子零組件業,禾伸堂
528,528,3027,通信網路業,盛達
529,529,3028,電子通路業,增你強
530,530,3029,資訊服務業,零壹
531,531,3030,其他電子業,德律
532,532,3031,光電業,佰鴻
533,533,3032,電子零組件業,偉訓
534,534,3033,電子通路業,威健
535,535,3034,半導體業,聯詠
536,536,3035,半導體業,智原
537,537,3036,電子通路業,文曄
538,538,3037,電子零組件業,欣興
539,539,3038,光電業,全台
540,540,3040,其他業,遠見
541,541,3041,半導體業,揚智
542,542,3042,電子零組件業,晶技
543,543,3043,其他電子業,科風
544,544,3044,電子零組件業,健鼎
545,545,3045,通信網路業,台灣大
546,546,3046,電腦及週邊設備業,建碁
547,547,3047,通信網路業,訊舟
548,548,3048,電子通路業,益登
549,549,3049,光電業,和鑫
550,550,3050,光電業,鈺德
551,551,3051,光電業,力特
552,552,3052,建材營造業,夆典
553,553,3054,半導體業,立萬利
554,554,3055,電子通路業,蔚華科
555,555,3056,建材營造業,總太
556,556,3057,電腦及週邊設備業,喬鼎
557,557,3058,電子零組件業,立德
558,558,3059,光電業,華晶科
559,559,3060,電腦及週邊設備業,銘異
560,560,3062,通信網路業,建漢
561,561,3090,電子零組件業,日電貿
562,562,3094,半導體業,聯傑
563,563,3130,資訊服務業,一零四
564,564,3138,通信網路業,耀登
565,565,3149,光電業,正達
566,566,3164,生技醫療業,景岳
567,567,3167,電機機械,大量
568,568,3189,半導體業,景碩
569,569,3209,電子通路業,全科
570,570,3229,電子零組件業,晟鈦
571,571,3231,電腦及週邊設備業,緯創
572,572,3257,半導體業,虹冠電
573,573,3266,建材營造業,昇陽
574,574,3296,電子零組件業,勝德
575,575,3305,其他電子業,昇貿
576,576,3308,電子零組件業,聯德
577,577,3311,通信網路業,閎暉
578,578,3312,電子通路業,弘憶股
579,579,3321,電子零組件業,同泰
580,580,3338,電子零組件業,泰碩
581,581,3346,汽車工業,麗清
582,582,3356,光電業,奇偶
583,583,3376,電子零組件業,新日興
584,584,3380,通信網路業,明泰
585,585,3383,光電業,新世紀
586,586,3406,光電業,玉晶光
587,587,3413,半導體業,京鼎
588,588,3416,電腦及週邊設備業,融程電
589,589,3419,通信網路業,譁裕
590,590,3432,電子零組件業,台端
591,591,3437,光電業,榮創
592,592,3443,半導體業,創意
593,593,3450,其他電子業,聯鈞
594,594,3454,光電業,晶睿
595,595,3481,光電業,群創
596,596,3494,電腦及週邊設備業,誠研
597,597,3501,電子零組件業,維熹
598,598,3504,光電業,揚明光
599,599,3515,電腦及週邊設備業,華擎
600,600,3518,其他電子業,柏騰
601,601,3528,電子通路業,安馳
602,602,3530,半導體業,晶相光
603,603,3532,半導體業,台勝科
604,604,3533,電子零組件業,嘉澤
605,605,3535,光電業,晶彩科
606,606,3536,半導體業,誠創
607,607,3543,光電業,州巧
608,608,3545,半導體業,敦泰
609,609,3550,電子零組件業,聯穎
610,610,3557,其他業,嘉威
611,611,3563,光電業,牧德
612,612,3576,光電業,聯合再生
613,613,3583,半導體業,辛耘
614,614,3588,半導體業,通嘉
615,615,3591,光電業,艾笛森
616,616,3593,電子零組件業,力銘
617,617,3596,通信網路業,智易
618,618,3605,電子零組件業,宏致
619,619,3607,電子零組件業,谷崧
620,620,3617,其他電子業,碩天
621,621,3622,光電業,洋華
622,622,3645,電子零組件業,達邁
623,623,3653,電子零組件業,健策
624,624,3661,半導體業,世芯-KY
625,625,3665,其他電子業,貿聯-KY
626,626,3669,光電業,圓展
627,627,3673,光電業,TPK-KY
628,628,3679,電子零組件業,新至陞
629,629,3682,通信網路業,亞太電
630,630,3686,半導體業,達能
631,631,3694,通信網路業,海華
632,632,3698,光電業,隆達
633,633,3701,電腦及週邊設備業,大眾控
634,634,3702,電子通路業,大聯大
635,635,3703,建材營造業,欣陸
636,636,3704,通信網路業,合勤控
637,637,3705,生技醫療業,永信
638,638,3706,電腦及週邊設備業,神達
639,639,3708,化學工業,上緯投控
640,640,3711,半導體業,日月光投控
641,641,3712,電腦及週邊設備業,永崴投控
642,642,4104,生技醫療業,佳醫
643,643,4106,生技醫療業,雃博
644,644,4108,生技醫療業,懷特
645,645,4119,生技醫療業,旭富
646,646,4133,生技醫療業,亞諾法
647,647,4137,生技醫療業,麗豐-KY
648,648,4141,生技醫療業,龍燈-KY
649,649,4142,生技醫療業,國光生
650,650,4148,生技醫療業,全宇生技-KY
651,651,4155,生技醫療業,訊映
652,652,4164,生技醫療業,承業醫
653,653,4190,生技醫療業,佐登-KY
654,654,4306,塑膠工業,炎洲
655,655,4414,紡織纖維,如興
656,656,4426,紡織纖維,利勤
657,657,4438,紡織纖維,廣越
658,658,4439,紡織纖維,冠星-KY
659,659,4526,電機機械,東台
660,660,4532,電機機械,瑞智
661,661,4536,其他業,拓凱
662,662,4540,電機機械,全球傳動
663,663,4545,電子零組件業,銘鈺
664,664,4551,汽車工業,智伸科
665,665,4552,電機機械,力達-KY
666,666,4555,電機機械,氣立
667,667,4557,汽車工業,永新-KY
668,668,4560,電機機械,強信-KY
669,669,4562,電機機械,穎漢
670,670,4564,電機機械,元翎
671,671,4566,電機機械,時碩工業
672,672,4571,電機機械,鈞興-KY
673,673,4572,電機機械,駐龍
674,674,4576,電機機械,大銀微系統
675,675,4581,汽車工業,光隆精密-KY
676,676,4720,化學工業,德淵
677,677,4722,化學工業,國精化
678,678,4725,化學工業,信昌化
679,679,4737,生技醫療業,華廣
680,680,4739,化學工業,康普
681,681,4746,生技醫療業,台耀
682,682,4755,化學工業,三福化
683,683,4763,化學工業,材料-KY
684,684,4764,化學工業,雙鍵
685,685,4766,化學工業,南寶
686,686,4807,貿易百貨業,日成-KY
687,687,4904,通信網路業,遠傳
688,688,4906,通信網路業,正文
689,689,4912,電子零組件業,聯德控股-KY
690,690,4915,電子零組件業,致伸
691,691,4916,電腦及週邊設備業,事欣科
692,692,4919,半導體業,新唐
693,693,4927,電子零組件業,泰鼎-KY
694,694,4930,電器電纜,燦星網
695,695,4934,光電業,太極
696,696,4935,光電業,茂林-KY
697,697,4938,電腦及週邊設備業,和碩
698,698,4942,光電業,嘉彰
699,699,4943,電子零組件業,康控-KY
700,700,4952,半導體業,凌通
701,701,4956,光電業,光鋐
702,702,4958,電子零組件業,臻鼎-KY
703,703,4960,光電業,誠美材
704,704,4961,半導體業,天鈺
705,705,4967,半導體業,十銓
706,706,4968,半導體業,立積
707,707,4976,光電業,佳凌
708,708,4977,通信網路業,眾達-KY
709,709,4989,電子零組件業,榮科
710,710,4994,資訊服務業,傳奇
711,711,4999,電子零組件業,鑫禾
712,712,5007,鋼鐵工業,三星
713,713,5203,資訊服務業,訊連
714,714,5215,電腦及週邊設備業,科嘉-KY
715,715,5225,其他電子業,東科-KY
716,716,5234,光電業,達興材料
717,717,5243,光電業,乙盛-KY
718,718,5258,電腦及週邊設備業,虹堡
719,719,5264,電腦及週邊設備業,鎧勝-KY
720,720,5269,半導體業,祥碩
721,721,5283,電器電纜,禾聯碩
722,722,5284,其他業,jpp-KY
723,723,5285,半導體業,界霖
724,724,5288,電機機械,豐祥-KY
725,725,5388,通信網路業,中磊
726,726,5434,電子通路業,崇越
727,727,5469,電子零組件業,瀚宇博
728,728,5471,半導體業,松翰
729,729,5484,光電業,慧友
730,730,5515,建材營造業,建國
731,731,5519,建材營造業,隆大
732,732,5521,建材營造業,工信
733,733,5522,建材營造業,遠雄
734,734,5525,建材營造業,順天
735,735,5531,建材營造業,鄉林
736,736,5533,建材營造業,皇鼎
737,737,5534,建材營造業,長虹
738,738,5538,鋼鐵工業,東明-KY
739,739,5546,建材營造業,永固-KY
740,740,5607,航運業,遠雄港
741,741,5608,航運業,四維航
742,742,5706,觀光事業,鳳凰
743,743,5871,其他業,中租-KY
744,744,5876,金融保險業,上海商銀
745,745,5880,金融保險業,合庫金
746,746,5906,貿易百貨業,台南-KY
747,747,5907,貿易百貨業,大洋-KY
748,748,6005,金融保險業,群益證
749,749,6024,金融保險業,群益期
750,750,6108,電子零組件業,競國
751,751,6112,資訊服務業,聚碩
752,752,6115,電子零組件業,鎰勝
753,753,6116,光電業,彩晶
754,754,6117,電腦及週邊設備業,迎廣
755,755,6120,光電業,達運
756,756,6128,電腦及週邊設備業,上福
757,757,6131,光電業,鈞泰
758,758,6133,電子零組件業,金橋
759,759,6136,通信網路業,富爾特
760,760,6139,其他電子業,亞翔
761,761,6141,電子零組件業,柏承
762,762,6142,通信網路業,友勁
763,763,6152,通信網路業,百一
764,764,6153,電子零組件業,嘉聯益
765,765,6155,電子零組件業,鈞寶
766,766,6164,光電業,華興
767,767,6165,電子零組件業,捷泰
768,768,6166,電腦及週邊設備業,凌華
769,769,6168,光電業,宏齊
770,770,6172,電腦及週邊設備業,互億
771,771,6176,光電業,瑞儀
772,772,6177,建材營造業,達麗
773,773,6183,資訊服務業,關貿
774,774,6184,其他業,大豐電
775,775,6189,電子通路業,豐藝
776,776,6191,電子零組件業,精成科
777,777,6192,其他電子業,巨路
778,778,6196,其他電子業,帆宣
779,779,6197,電子零組件業,佳必琪
780,780,6201,其他電子業,亞弘電
781,781,6202,半導體業,盛群
782,782,6205,電子零組件業,詮欣
783,783,6206,電腦及週邊設備業,飛捷
784,784,6209,光電業,今國光
785,785,6213,電子零組件業,聯茂
786,786,6214,資訊服務業,精誠
787,787,6215,其他電子業,和椿
788,788,6216,通信網路業,居易
789,789,6224,電子零組件業,聚鼎
790,790,6225,光電業,天瀚
791,791,6226,光電業,光鼎
792,792,6230,電腦及週邊設備業,超眾
793,793,6235,電腦及週邊設備業,華孚
794,794,6239,半導體業,力成
795,795,6243,半導體業,迅杰
796,796,6251,電子零組件業,定穎
797,797,6257,半導體業,矽格
798,798,6269,電子零組件業,台郡
799,799,6271,半導體業,同欣電
800,800,6277,電腦及週邊設備業,宏正
801,801,6278,光電業,台表科
802,802,6281,電子通路業,全國電
803,803,6282,電子零組件業,康舒
804,804,6283,其他電子業,淳安
805,805,6285,通信網路業,啟碁
806,806,6288,汽車工業,聯嘉
807,807,6289,光電業,華上
808,808,6405,光電業,悅城
809,809,6409,其他電子業,旭隼
810,810,6412,電子零組件業,群電
811,811,6414,電腦及週邊設備業,樺漢
812,812,6415,半導體業,矽力-KY
813,813,6416,通信網路業,瑞祺電通
814,814,6431,光電業,光麗-KY
815,815,6442,通信網路業,光聖
816,816,6443,光電業,元晶
817,817,6449,電子零組件業,鈺邦
818,818,6451,半導體業,訊芯-KY
819,819,6452,生技醫療業,康友-KY
820,820,6456,光電業,GIS-KY
821,821,6464,其他業,台數科
822,822,6477,光電業,安集
823,823,6491,生技醫療業,晶碩
824,824,6504,其他業,南六
825,825,6505,油電燃氣業,台塑化
826,826,6525,半導體業,捷敏-KY
827,827,6531,半導體業,愛普
828,828,6533,半導體業,晶心科
829,829,6541,生技醫療業,泰福-KY
830,830,6552,半導體業,易華電
831,831,6558,其他電子業,興能高
832,832,6573,半導體業,虹揚-KY
833,833,6579,電腦及週邊設備業,研揚
834,834,6581,其他業,鋼聯
835,835,6582,橡膠工業,申豐
836,836,6591,電腦及週邊設備業,動力-KY
837,837,6592,其他業,和潤企業
838,838,6598,生技醫療業,ABC-KY
839,839,6605,汽車工業,帝寶
840,840,6625,其他業,必應
841,841,6641,其他業,基士德-KY
842,842,6655,其他業,科定
843,843,6666,生技醫療業,羅麗芬-KY
844,844,6668,光電業,中揚光
845,845,6669,電腦及週邊設備業,緯穎
846,846,6670,其他業,復盛應用
847,847,6671,其他業,三能-KY
848,848,6672,電子零組件業,騰輝電子-KY
849,849,6674,通信網路業,鋐寶科技
850,850,6698,其他電子業,旭暉應材
851,851,6706,光電業,惠特
852,852,6715,電子零組件業,嘉基
853,853,6743,其他電子業,安普新
854,854,6754,其他業,匯僑設計
855,855,6756,半導體業,威鋒電子
856,856,8011,通信網路業,台通
857,857,8016,半導體業,矽創
858,858,8021,其他電子業,尖點
859,859,8028,半導體業,昇陽半導體
860,860,8033,其他業,雷虎
861,861,8039,電子零組件業,台虹
862,862,8046,電子零組件業,南電
863,863,8070,電子通路業,長華*
864,864,8072,電子通路業,陞泰
865,865,8081,半導體業,致新
866,866,8101,通信網路業,華冠
867,867,8103,電子零組件業,瀚荃
868,868,8104,光電業,錸寶
869,869,8105,光電業,凌巨
870,870,8110,半導體業,華東
871,871,8112,電子通路業,至上
872,872,8114,電腦及週邊設備業,振樺電
873,873,8131,半導體業,福懋科
874,874,8150,半導體業,南茂
875,875,8163,電腦及週邊設備業,達方
876,876,8201,其他電子業,無敵
877,877,8210,電腦及週邊設備業,勤誠
878,878,8213,電子零組件業,志超
879,879,8215,光電業,明基材
880,880,8222,電機機械,寶一
881,881,8249,電子零組件業,菱光
882,882,8261,半導體業,富鼎
883,883,8271,半導體業,宇瞻
884,884,8341,其他業,日友
885,885,8367,航運業,建新國際
886,886,8374,電機機械,羅昇
887,887,8404,其他業,百和興業-KY
888,888,8411,其他業,福貞-KY
889,889,8422,其他業,可寧衛
890,890,8427,其他業,基勝-KY
891,891,8429,貿易百貨業,金麗-KY
892,892,8442,其他業,威宏-KY
893,893,8443,貿易百貨業,阿瘦
894,894,8454,貿易百貨業,富邦媒
895,895,8462,觀光事業,柏文
896,896,8463,其他業,潤泰材
897,897,8464,其他業,億豐
898,898,8466,其他業,美吉吉-KY
899,899,8467,其他業,波力-KY
900,900,8473,其他業,山林水
901,901,8478,其他業,東哥遊艇
902,902,8480,其他業,泰昇-KY
903,903,8481,其他業,政伸
904,904,8482,其他業,商億-KY
905,905,8488,其他業,吉源-KY
906,906,8499,其他業,鼎炫-KY
907,907,8926,油電燃氣業,台汽電
908,908,8940,觀光事業,新天地
909,909,8996,電機機械,高力
910,910,9802,其他業,鈺齊-KY
911,911,9902,其他業,台火
912,912,9904,其他業,寶成
913,913,9905,其他業,大華
914,914,9906,建材營造業,欣巴巴
915,915,9907,其他業,統一實
916,916,9908,油電燃氣業,大台北
917,917,9910,其他業,豐泰
918,918,9911,其他業,櫻花
919,919,9912,電腦及週邊設備業,偉聯
920,920,9914,其他業,美利達
921,921,9917,其他業,中保科
922,922,9918,油電燃氣業,欣天然
923,923,9919,其他業,康那香
924,924,9921,其他業,巨大
925,925,9924,其他業,福興
926,926,9925,其他業,新保
927,927,9926,油電燃氣業,新海
928,928,9927,其他業,泰銘
929,929,9928,其他業,中視
930,930,9929,其他業,秋雨
931,931,9930,其他業,中聯資源
932,932,9931,油電燃氣業,欣高
933,933,9933,其他業,中鼎
934,934,9934,其他業,成霖
935,935,9935,其他業,慶豐富
936,936,9937,油電燃氣業,全國
937,937,9938,其他業,百和
938,938,9939,其他業,宏全
939,939,9940,其他業,信義
940,940,9941,其他業,裕融
941,941,9942,其他業,茂順
942,942,9943,觀光事業,好樂迪
943,943,9944,其他業,新麗
944,944,9945,其他業,潤泰新
945,945,9946,建材營造業,三發地產
946,946,9955,其他業,佳龍
947,947,9958,鋼鐵工業,世紀鋼
948,0,1240,農業科技業,茂生農經
949,1,1258,食品工業,其祥-KY
950,2,1259,觀光事業,安心
951,3,1264,食品工業,德麥
952,4,1268,觀光事業,漢來美食
953,5,1336,電子零組件業,台翰
954,6,1565,生技醫療業,精華
955,7,1569,電腦及週邊設備業,濱川
956,8,1570,電機機械,力肯
957,9,1580,電機機械,新麥
958,10,1584,其他業,精剛
959,11,1586,電機機械,和勤
960,12,1591,電機機械,駿吉-KY
961,13,1593,生技醫療業,祺驊
962,14,1595,電子零組件業,川寶
963,15,1599,電機機械,宏佳騰
964,16,1742,化學工業,台蠟
965,17,1752,生技醫療業,南光
966,18,1777,生技醫療業,生泰
967,19,1781,生技醫療業,合世
968,20,1784,生技醫療業,訊聯
969,21,1785,其他電子業,光洋科
970,22,1788,生技醫療業,杏昌
971,23,1796,食品工業,金穎生技
972,24,1799,生技醫療業,易威
973,25,1813,生技醫療業,寶利徠
974,26,1815,電子零組件業,富喬
975,27,2035,鋼鐵工業,唐榮
976,28,2061,電器電纜,風青
977,29,2063,鋼鐵工業,世鎧
978,30,2064,鋼鐵工業,晉椿
979,31,2065,鋼鐵工業,世豐
980,32,2066,電機機械,世德
981,33,2067,電機機械,嘉鋼
982,34,2070,電機機械,精湛
983,35,2221,其他業,大甲
984,36,2230,電機機械,泰茂
985,37,2235,電機機械,謚源
986,38,2596,建材營造業,綠意
987,39,2640,其他業,大車隊
988,40,2641,航運業,正德
989,41,2643,航運業,捷迅
990,42,2718,觀光事業,晶悅
991,43,2719,觀光事業,燦星旅
992,44,2724,觀光事業,富驛-KY
993,45,2726,觀光事業,雅茗-KY
994,46,2729,觀光事業,瓦城
995,47,2732,觀光事業,六角
996,48,2734,觀光事業,易飛網
997,49,2736,觀光事業,高野
998,50,2740,觀光事業,天蔥
999,51,2743,觀光事業,山富
1000,52,2745,觀光事業,五福
1001,53,2752,觀光事業,豆府
1002,54,2754,觀光事業,亞洲藏壽司
1003,55,2755,觀光事業,揚秦
1004,56,2916,貿易百貨業,滿心
1005,57,2924,貿易百貨業,東凌-KY
1006,58,2926,文化創意業,誠品生活
1007,59,2928,觀光事業,紅馬-KY
1008,60,2937,貿易百貨業,集雅社
1009,61,3064,文化創意業,泰偉
1010,62,3066,光電業,李洲
1011,63,3067,其他電子業,全域
1012,64,3071,電腦及週邊設備業,協禧
1013,65,3073,半導體業,天方能源
1014,66,3078,電子零組件業,僑威
1015,67,3081,通信網路業,聯亞
1016,68,3083,文化創意業,網龍
1017,69,3085,電子商務,新零售
1018,70,3086,文化創意業,華義
1019,71,3088,電腦及週邊設備業,艾訊
1020,72,3089,電子零組件業,元炬
1021,73,3092,電子零組件業,鴻碩
1022,74,3093,其他電子業,港建
1023,75,3095,通信網路業,及成
1024,76,3105,半導體業,穩懋
1025,77,3114,電子零組件業,好德
1026,78,3115,電子零組件業,寶島極
1027,79,3118,生技醫療業,進階
1028,80,3122,半導體業,笙泉
1029,81,3128,光電業,昇銳
1030,82,3131,其他電子業,弘塑
1031,83,3141,半導體業,晶宏
1032,84,3144,電子零組件業,新揚科
1033,85,3147,資訊服務業,大綜
1034,86,3152,通信網路業,璟德
1035,87,3162,電機機械,精確
1036,88,3163,通信網路業,波若威
1037,89,3169,半導體業,亞信
1038,90,3171,貿易百貨業,新洲
1039,91,3176,生技醫療業,基亞
1040,92,3178,電機機械,公準
1041,93,3188,建材營造業,鑫龍騰
1042,94,3191,電子零組件業,和進
1043,95,3202,電子零組件業,樺晟
1044,96,3205,生技醫療業,佰研
1045,97,3206,電子零組件業,志豐
1046,98,3207,電子零組件業,耀勝
1047,99,3211,電腦及週邊設備業,順達
1048,100,3213,電腦及週邊設備業,茂訊
1049,101,3217,電子零組件業,優群
1050,102,3218,生技醫療業,大學光
1051,103,3219,半導體業,倚強股份
1052,104,3221,通信網路業,台嘉碩
1053,105,3224,電子通路業,三顧
1054,106,3226,電機機械,至寶電
1055,107,3227,半導體業,原相
1056,108,3228,半導體業,金麗科
1057,109,3230,光電業,錦明
1058,110,3232,電子通路業,昱捷
1059,111,3234,通信網路業,光環
1060,112,3236,電子零組件業,千如
1061,113,3252,觀光事業,海灣
1062,114,3259,半導體業,鑫創
1063,115,3260,半導體業,威剛
1064,116,3264,半導體業,欣銓
1065,117,3265,半導體業,台星科
1066,118,3268,半導體業,海德威
1067,119,3272,電腦及週邊設備業,東碩
1068,120,3276,電子零組件業,宇環
1069,121,3284,其他業,太普高
1070,122,3285,其他電子業,微端
1071,123,3287,電腦及週邊設備業,廣寰科
1072,124,3288,電子零組件業,點晶
1073,125,3289,其他電子業,宜特
1074,126,3290,電子零組件業,東浦
1075,127,3293,文化創意業,鈊象
1076,128,3294,電子零組件業,英濟
1077,129,3297,光電業,杭特
1078,130,3303,其他電子業,岱稜
1079,131,3306,通信網路業,鼎天
1080,132,3310,電子零組件業,佳穎
1081,133,3313,電子零組件業,斐成
1082,134,3317,半導體業,尼克森
1083,135,3322,電子零組件業,建舜電
1084,136,3323,電腦及週邊設備業,加百裕
1085,137,3324,其他電子業,雙鴻
1086,138,3325,電腦及週邊設備業,旭品
1087,139,3332,電子零組件業,幸康
1088,140,3339,光電業,泰谷
1089,141,3354,電子零組件業,律勝
1090,142,3360,電子通路業,尚立
1091,143,3362,光電業,先進光
1092,144,3363,通信網路業,上詮
1093,145,3372,半導體業,典範
1094,146,3373,其他電子業,熱映
1095,147,3374,半導體業,精材
1096,148,3379,電機機械,彬台
1097,149,3388,電子零組件業,崇越電
1098,150,3390,電子零組件業,旭軟
1099,151,3402,其他電子業,漢科
1100,152,3426,電機機械,台興
1101,153,3434,光電業,哲固
1102,154,3438,半導體業,類比科
1103,155,3441,光電業,聯一光
1104,156,3444,電子通路業,利機
1105,157,3455,光電業,由田
1106,158,3465,電子零組件業,進泰電子
1107,159,3466,通信網路業,致振
1108,160,3479,電腦及週邊設備業,安勤
1109,161,3483,電腦及週邊設備業,力致
1110,162,3484,電子零組件業,崧騰
1111,163,3489,建材營造業,森寶
1112,164,3490,光電業,單井
1113,165,3491,通信網路業,昇達科
1114,166,3492,電子零組件業,長盛
1115,167,3498,其他電子業,陽程
1116,168,3499,通信網路業,環天科
1117,169,3508,其他電子業,位速
1118,170,3511,電子零組件業,矽瑪
1119,171,3512,電子零組件業,皇龍
1120,172,3516,光電業,亞帝歐
1121,173,3520,電子零組件業,華盈
1122,174,3521,電腦及週邊設備業,鴻翊
1123,175,3522,觀光事業,御頂
1124,176,3523,光電業,迎輝
1125,177,3526,電子零組件業,凡甲
1126,178,3527,半導體業,聚積
1127,179,3529,半導體業,力旺
1128,180,3531,光電業,先益
1129,181,3537,電子零組件業,堡達
1130,182,3540,電腦及週邊設備業,曜越
1131,183,3541,其他電子業,西柏
1132,184,3546,文化創意業,宇峻
1133,185,3548,電子零組件業,兆利
1134,186,3551,其他電子業,世禾
1135,187,3552,其他電子業,同致
1136,188,3555,半導體業,重鵬
1137,189,3556,半導體業,禾瑞亞
1138,190,3558,通信網路業,神準
1139,191,3564,通信網路業,其陽
1140,192,3567,半導體業,逸昌
1141,193,3570,資訊服務業,大塚
1142,194,3577,電腦及週邊設備業,泓格
1143,195,3580,其他電子業,友威科
1144,196,3581,半導體業,博磊
1145,197,3587,其他電子業,閎康
1146,198,3594,電腦及週邊設備業,磐儀
1147,199,3597,電子零組件業,映興
1148,200,3609,電子零組件業,東林
1149,201,3611,電腦及週邊設備業,鼎翰
1150,202,3615,光電業,安可
1151,203,3623,光電業,富晶通
1152,204,3624,電子零組件業,光頡
1153,205,3625,電腦及週邊設備業,西勝
1154,206,3628,其他電子業,盈正
1155,207,3629,文化創意業,地心引力
1156,208,3630,光電業,新鉅科
1157,209,3631,電子零組件業,晟楠
1158,210,3632,通信網路業,研勤
1159,211,3642,其他電子業,駿熠電
1160,212,3646,電子零組件業,艾恩特
1161,213,3652,電腦及週邊設備業,精聯
1162,214,3663,其他電子業,鑫科
1163,215,3664,通信網路業,安瑞-KY
1164,216,3666,光電業,光耀
1165,217,3672,通信網路業,康聯訊
1166,218,3675,半導體業,德微
1167,219,3680,半導體業,家登
1168,220,3684,通信網路業,榮昌
1169,221,3685,光電業,元創精密
1170,222,3687,電子商務,歐買尬
1171,223,3689,電子零組件業,湧德
1172,224,3691,光電業,碩禾
1173,225,3693,電腦及週邊設備業,營邦
1174,226,3707,半導體業,漢磊
1175,227,3709,電腦及週邊設備業,鑫聯大投控
1176,228,3710,電子零組件業,連展投控
1177,229,3713,光電業,新晶投控
1178,230,4102,生技醫療業,永日
1179,231,4105,生技醫療業,東洋
1180,232,4107,生技醫療業,邦特
1181,233,4109,生技醫療業,加捷生醫
1182,234,4111,生技醫療業,濟生
1183,235,4113,建材營造業,聯上
1184,236,4114,生技醫療業,健喬
1185,237,4116,生技醫療業,明基醫
1186,238,4120,生技醫療業,友華
1187,239,4121,生技醫療業,優盛
1188,240,4123,生技醫療業,晟德
1189,241,4126,生技醫療業,太醫
1190,242,4127,生技醫療業,天良
1191,243,4128,生技醫療業,中天
1192,244,4129,生技醫療業,聯合
1193,245,4130,生技醫療業,健亞
1194,246,4131,生技醫療業,晶宇
1195,247,4138,生技醫療業,曜亞
1196,248,4139,生技醫療業,馬光-KY
1197,249,4147,生技醫療業,中裕
1198,250,4152,生技醫療業,台微體
1199,251,4153,生技醫療業,鈺緯
1200,252,4154,生技醫療業,康樂-KY
1201,253,4157,生技醫療業,太景*-KY
1202,254,4160,生技醫療業,創源
1203,255,4161,生技醫療業,聿新科
1204,256,4162,生技醫療業,智擎
1205,257,4163,生技醫療業,鐿鈦
1206,258,4167,生技醫療業,松瑞藥
1207,259,4168,生技醫療業,醣聯
1208,260,4171,農業科技業,瑞基
1209,261,4173,生技醫療業,久裕
1210,262,4174,生技醫療業,浩鼎
1211,263,4175,生技醫療業,杏一
1212,264,4183,生技醫療業,福永生技
1213,265,4188,生技醫療業,安克
1214,266,4192,生技醫療業,杏國
1215,267,4198,生技醫療業,欣大健康
1216,268,4205,食品工業,中華食
1217,269,4207,食品工業,環泰
1218,270,4303,塑膠工業,信立
1219,271,4304,塑膠工業,勝昱
1220,272,4305,塑膠工業,世坤
1221,273,4401,紡織纖維,東隆興
1222,274,4402,紡織纖維,福大
1223,275,4406,紡織纖維,新昕纖
1224,276,4413,紡織纖維,飛寶企業
1225,277,4416,建材營造業,三圓
1226,278,4417,紡織纖維,金洲
1227,279,4419,紡織纖維,元勝
1228,280,4420,紡織纖維,光明
1229,281,4429,紡織纖維,聚紡
1230,282,4430,其他業,耀億
1231,283,4432,紡織纖維,銘旺實
1232,284,4433,紡織纖維,興采
1233,285,4502,電機機械,健信
1234,286,4503,電機機械,金雨
1235,287,4506,電機機械,崇友
1236,288,4510,電機機械,高鋒
1237,289,4513,電機機械,福裕
1238,290,4523,電機機械,永彰
1239,291,4527,電機機械,方土霖
1240,292,4528,電機機械,江興鍛
1241,293,4529,其他業,淳紳
1242,294,4530,電機機械,宏易
1243,295,4533,電機機械,協易機
1244,296,4534,電機機械,慶騰
1245,297,4535,電機機械,至興
1246,298,4538,電機機械,大詠城
1247,299,4541,其他業,晟田
1248,300,4542,電子零組件業,科嶠
1249,301,4543,電機機械,萬在
1250,302,4549,電機機械,桓達
1251,303,4550,電機機械,長佳
1252,304,4554,其他電子業,橙的
1253,305,4556,其他業,旭然
1254,306,4561,電機機械,健椿
1255,307,4563,電機機械,百德
1256,308,4568,電機機械,科際精密
1257,309,4580,電機機械,捷流閥業
1258,310,4609,電器電纜,唐鋒
1259,311,4702,化學工業,中美實
1260,312,4706,化學工業,大恭
1261,313,4707,化學工業,磐亞
1262,314,4711,化學工業,永純
1263,315,4712,食品工業,南璋
1264,316,4714,化學工業,永捷
1265,317,4716,化學工業,大立
1266,318,4721,化學工業,美琪瑪
1267,319,4726,生技醫療業,永昕
1268,320,4728,生技醫療業,雙美
1269,321,4729,光電業,熒茂
1270,322,4735,生技醫療業,豪展
1271,323,4736,生技醫療業,泰博
1272,324,4741,化學工業,泓瀚
1273,325,4743,生技醫療業,合一
1274,326,4744,生技醫療業,皇將
1275,327,4745,生技醫療業,合富-KY
1276,328,4747,生技醫療業,強生
1277,329,4754,化學工業,國碳科
1278,330,4760,其他電子業,勤凱
1279,331,4767,化學工業,誠泰科技
1280,332,4803,文化創意業,VHQ-KY
1281,333,4804,觀光事業,大略-KY
1282,334,4806,文化創意業,昇華
1283,335,4903,通信網路業,聯光通
1284,336,4905,通信網路業,台聯電
1285,337,4907,建材營造業,富宇
1286,338,4908,通信網路業,前鼎
1287,339,4909,通信網路業,新復興
1288,340,4911,生技醫療業,德英
1289,341,4924,電腦及週邊設備業,欣厚-KY
1290,342,4931,電腦及週邊設備業,新盛力
1291,343,4933,光電業,友輝
1292,344,4939,電子零組件業,亞電
1293,345,4944,光電業,兆遠
1294,346,4945,半導體業,陞達科技
1295,347,4946,文化創意業,辣椒
1296,348,4950,其他業,牧東
1297,349,4953,資訊服務業,緯軟
1298,350,4966,半導體業,譜瑞-KY
1299,351,4971,半導體業,IET-KY
1300,352,4972,光電業,湯石照明
1301,353,4973,半導體業,廣穎
1302,354,4974,電子零組件業,亞泰
1303,355,4979,通信網路業,華星光
1304,356,4987,電腦及週邊設備業,科誠
1305,357,4991,半導體業,環宇-KY
1306,358,4995,光電業,晶達
1307,359,5009,鋼鐵工業,榮剛
1308,360,5011,鋼鐵工業,久陽
1309,361,5013,鋼鐵工業,強新
1310,362,5014,鋼鐵工業,建錩
1311,363,5015,鋼鐵工業,華祺
1312,364,5016,鋼鐵工業,松和
1313,365,5102,橡膠工業,富強
1314,366,5201,資訊服務業,凱衛
1315,367,5202,資訊服務業,力新
1316,368,5205,其他電子業,中茂
1317,369,5206,建材營造業,坤悅
1318,370,5209,資訊服務業,新鼎
1319,371,5210,資訊服務業,寶碩
1320,372,5211,資訊服務業,蒙恬
1321,373,5212,資訊服務業,凌網
1322,374,5213,建材營造業,亞昕
1323,375,5220,光電業,萬達光電
1324,376,5223,電腦及週邊設備業,安力-KY
1325,377,5227,電子零組件業,立凱-KY
1326,378,5230,光電業,雷笛克光學
1327,379,5245,光電業,智晶
1328,380,5251,光電業,天鉞電
1329,381,5263,文化創意業,智崴
1330,382,5272,半導體業,笙科
1331,383,5274,半導體業,信驊
1332,384,5276,其他業,達輝-KY
1333,385,5278,電子商務,尚凡
1334,386,5281,光電業,大峽谷-KY
1335,387,5287,電子商務,數字
1336,388,5289,電腦及週邊設備業,宜鼎
1337,389,5291,電子零組件業,邑昇
1338,390,5299,半導體業,杰力
1339,391,5301,觀光事業,寶得利
1340,392,5302,半導體業,太欣
1341,393,5306,其他業,桂盟
1342,394,5309,電子零組件業,系統電
1343,395,5310,資訊服務業,天剛
1344,396,5312,生技醫療業,寶島科
1345,397,5314,半導體業,世紀
1346,398,5315,光電業,光聯
1347,399,5321,電子零組件業,友銓
1348,400,5324,建材營造業,士開
1349,401,5328,電子零組件業,華容
1350,402,5340,電子零組件業,建榮
1351,403,5344,半導體業,立衛
1352,404,5345,電子零組件業,天揚
1353,405,5347,半導體業,世界
1354,406,5348,通信網路業,系通
1355,407,5351,半導體業,鈺創
1356,408,5353,通信網路業,台林
1357,409,5355,電子零組件業,佳總
1358,410,5356,電腦及週邊設備業,協益
1359,411,5364,觀光事業,力麗店
1360,412,5371,光電業,中光電
1361,413,5381,電子零組件業,合正
1362,414,5383,其他電子業,金利
1363,415,5386,電腦及週邊設備業,青雲
1364,416,5392,光電業,應華
1365,417,5398,其他業,慕康生醫
1366,418,5403,資訊服務業,中菲
1367,419,5410,資訊服務業,國眾
1368,420,5425,半導體業,台半
1369,421,5426,電腦及週邊設備業,振發
1370,422,5432,光電業,達威
1371,423,5438,電腦及週邊設備業,東友
1372,424,5439,電子零組件業,高技
1373,425,5443,光電業,均豪
1374,426,5450,其他業,南良
1375,427,5452,其他電子業,佶優
1376,428,5455,建材營造業,昇益
1377,429,5457,電子零組件業,宣德
1378,430,5460,電子零組件業,同協
1379,431,5464,電子零組件業,霖宏
1380,432,5465,電腦及週邊設備業,富驊
1381,433,5468,半導體業,凱鈺
1382,434,5474,電腦及週邊設備業,聰泰
1383,435,5475,電子零組件業,德宏
1384,436,5478,文化創意業,智冠
1385,437,5481,其他業,新華
1386,438,5483,半導體業,中美晶
1387,439,5487,半導體業,通泰
1388,440,5488,電子零組件業,松普
1389,441,5489,其他電子業,彩富
1390,442,5490,電腦及週邊設備業,同亨
1391,443,5493,其他電子業,三聯
1392,444,5498,電子零組件業,凱崴
1393,445,5508,建材營造業,永信建
1394,446,5511,建材營造業,德昌
1395,447,5512,建材營造業,力麒
1396,448,5514,建材營造業,三豐
1397,449,5516,建材營造業,雙喜
1398,450,5520,建材營造業,力泰
1399,451,5523,建材營造業,豐謙
1400,452,5529,建材營造業,志嘉
1401,453,5530,其他業,龍巖
1402,454,5536,其他電子業,聖暉
1403,455,5543,建材營造業,桓鼎-KY
1404,456,5601,航運業,台聯櫃
1405,457,5603,航運業,陸海
1406,458,5604,航運業,中連貨
1407,459,5609,航運業,中菲行
1408,460,5701,觀光事業,劍湖山
1409,461,5703,觀光事業,亞都
1410,462,5704,觀光事業,老爺知
1411,463,5820,金融保險業,日盛金
1412,464,5864,金融保險業,致和證
1413,465,5878,金融保險業,台名
1414,466,5902,貿易百貨業,德記
1415,467,5903,貿易百貨業,全家
1416,468,5904,貿易百貨業,寶雅
1417,469,5905,貿易百貨業,南仁湖
1418,470,6015,金融保險業,宏遠證
1419,471,6016,金融保險業,康和證
1420,472,6020,金融保險業,大展證
1421,473,6021,金融保險業,大慶證
1422,474,6023,金融保險業,元大期
1423,475,6026,金融保險業,福邦證
1424,476,6101,文化創意業,寬魚國際
1425,477,6103,半導體業,合邦
1426,478,6104,半導體業,創惟
1427,479,6109,通信網路業,亞元
1428,480,6111,文化創意業,大宇資
1429,481,6113,電子通路業,亞矽
1430,482,6114,電子零組件業,久威
1431,483,6118,電子通路業,建達
1432,484,6121,電腦及週邊設備業,新普
1433,485,6122,電機機械,擎邦
1434,486,6123,電腦及週邊設備業,上奇
1435,487,6124,電子零組件業,業強
1436,488,6125,光電業,廣運
1437,489,6126,電子零組件業,信音
1438,490,6127,電子零組件業,九豪
1439,491,6129,半導體業,普誠
1440,492,6130,生技醫療業,星寶國際
1441,493,6134,電子零組件業,萬旭
1442,494,6138,半導體業,茂達
1443,495,6140,資訊服務業,訊達
1444,496,6143,通信網路業,振曜
1445,497,6144,文化創意業,得利影
1446,498,6146,其他電子業,耕興
1447,499,6147,半導體業,頎邦
1448,500,6148,資訊服務業,驊宏資
1449,501,6150,電腦及週邊設備業,撼訊
1450,502,6151,其他電子業,晉倫
1451,503,6154,電子通路業,順發
1452,504,6156,電子零組件業,松上
1453,505,6158,電子零組件業,禾昌
1454,506,6160,電腦及週邊設備業,欣技
1455,507,6161,電腦及週邊設備業,捷波
1456,508,6163,通信網路業,華電網
1457,509,6167,光電業,久正
1458,510,6169,文化創意業,昱泉
1459,511,6170,通信網路業,統振
1460,512,6171,建材營造業,亞銳士
1461,513,6173,電子零組件業,信昌電
1462,514,6174,電子零組件業,安碁
1463,515,6175,電子零組件業,立敦
1464,516,6179,其他業,亞通
1465,517,6180,文化創意業,橘子
1466,518,6182,半導體業,合晶
1467,519,6185,電子零組件業,幃翔
1468,520,6186,建材營造業,新潤
1469,521,6187,其他電子業,萬潤
1470,522,6188,電腦及週邊設備業,廣明
1471,523,6190,通信網路業,萬泰科
1472,524,6194,電子零組件業,育富
1473,525,6195,貿易百貨業,詩肯
1474,526,6198,半導體業,凌泰
1475,527,6199,其他業,天品
1476,528,6203,電子零組件業,海韻電
1477,529,6204,電子零組件業,艾華
1478,530,6207,電子零組件業,雷科
1479,531,6208,電子零組件業,日揚
1480,532,6210,電子零組件業,慶生
1481,533,6212,建材營造業,理銘
1482,534,6217,電子零組件業,中探針
1483,535,6218,通信網路業,豪勉
1484,536,6219,建材營造業,富旺
1485,537,6220,電子零組件業,岳豐
1486,538,6221,資訊服務業,晉泰
1487,539,6222,光電業,上揚
1488,540,6223,半導體業,旺矽
1489,541,6227,電子通路業,茂綸
1490,542,6228,電腦及週邊設備業,全譜
1491,543,6229,半導體業,研通
1492,544,6231,資訊服務業,系微
1493,545,6233,半導體業,旺玖
1494,546,6234,光電業,高僑
1495,547,6236,其他業,康呈
1496,548,6237,半導體業,驊訊
1497,549,6240,資訊服務業,松崗
1498,550,6241,通信網路業,易通展
1499,551,6242,生技醫療業,立康
1500,552,6244,光電業,茂迪
1501,553,6245,通信網路業,立端
1502,554,6246,光電業,臺龍
1503,555,6247,其他電子業,淇譽電
1504,556,6248,鋼鐵工業,沛波
1505,557,6259,電子零組件業,百徽
1506,558,6261,半導體業,久元
1507,559,6263,通信網路業,普萊德
1508,560,6264,建材營造業,富裔
1509,561,6265,電子通路業,方土昶
1510,562,6266,電子零組件業,泰詠
1511,563,6270,電子通路業,倍微
1512,564,6274,電子零組件業,台燿
1513,565,6275,其他電子業,元山
1514,566,6276,電腦及週邊設備業,安鈦克
1515,567,6279,電子零組件業,胡連
1516,568,6284,電子零組件業,佳邦
1517,569,6287,半導體業,元隆
1518,570,6290,電子零組件業,良維
1519,571,6291,半導體業,沛亨
1520,572,6292,電子零組件業,迅德
1521,573,6294,文化創意業,智基
1522,574,6404,資訊服務業,通訊-KY
1523,575,6411,半導體業,晶焱
1524,576,6417,通信網路業,韋僑
1525,577,6418,電子零組件業,詠昇
1526,578,6419,光電業,京晨科
1527,579,6425,電機機械,易發
1528,580,6426,通信網路業,統新
1529,581,6432,電子零組件業,今展科
1530,582,6435,半導體業,大中
1531,583,6438,其他電子業,迅得
1532,584,6441,電腦及週邊設備業,廣錠
1533,585,6446,生技醫療業,藥華藥
1534,586,6457,半導體業,紘康
1535,587,6461,生技醫療業,益得
1536,588,6462,半導體業,神盾
1537,589,6465,通信網路業,威潤
1538,590,6469,生技醫療業,大樹
1539,591,6470,通信網路業,宇智
1540,592,6472,生技醫療業,保瑞
1541,593,6482,文化創意業,弘煜科
1542,594,6485,半導體業,點序
1543,595,6486,通信網路業,互動
1544,596,6488,半導體業,環球晶
1545,597,6492,生技醫療業,生華科
1546,598,6494,半導體業,九齊
1547,599,6496,生技醫療業,科懋
1548,600,6499,生技醫療業,益安
1549,601,6506,化學工業,雙邦
1550,602,6508,農業科技業,惠光
1551,603,6509,化學工業,聚和
1552,604,6510,半導體業,精測
1553,605,6512,其他電子業,啟發電
1554,606,6514,通信網路業,芮特-KY
1555,607,6516,資訊服務業,勤崴國際
1556,608,6523,生技醫療業,達爾膚
1557,609,6527,生技醫療業,明達醫
1558,610,6530,通信網路業,創威
1559,611,6532,半導體業,瑞耘
1560,612,6535,生技醫療業,順藥
1561,613,6538,電子零組件業,倉和
1562,614,6542,文化創意業,隆中
1563,615,6547,生技醫療業,高端疫苗
1564,616,6548,半導體業,長科*
1565,617,6556,光電業,勝品
1566,618,6560,光電業,欣普羅
1567,619,6561,通信網路業,是方
1568,620,6568,半導體業,宏觀
1569,621,6569,生技醫療業,醫揚
1570,622,6570,電腦及週邊設備業,維田
1571,623,6574,生技醫療業,霈方
1572,624,6576,生技醫療業,逸達
1573,625,6577,電腦及週邊設備業,勁豐
1574,626,6578,農業科技業,達邦蛋白
1575,627,6588,通信網路業,東典光電
1576,628,6589,生技醫療業,台康生技
1577,629,6590,資訊服務業,普鴻
1578,630,6593,資訊服務業,台灣銘板
1579,631,6594,半導體業,展匯科
1580,632,6596,文化創意業,寬宏藝術
1581,633,6603,電機機械,富強鑫
1582,634,6609,電機機械,瀧澤科
1583,635,6612,生技醫療業,奈米醫材
1584,636,6613,其他電子業,朋億
1585,637,6615,生技醫療業,慧智
1586,638,6616,其他業,特昇-KY
1587,639,6624,其他業,萬年清
1588,640,6629,其他業,泰金-KY
1589,641,6640,半導體業,均華
1590,642,6642,電子零組件業,富致
1591,643,6643,半導體業,M31
1592,644,6649,生技醫療業,台生材
1593,645,6654,其他電子業,天正國際
1594,646,6662,生技醫療業,樂斯科
1595,647,6664,電子零組件業,群翊
1596,648,6667,其他電子業,信紘科
1597,649,6679,半導體業,鈺太
1598,650,6680,電腦及週邊設備業,鑫創電子
1599,651,6683,半導體業,雍智科技
1600,652,6690,資訊服務業,安碁資訊
1601,653,6697,資訊服務業,東捷資訊
1602,654,6703,生技醫療業,軒郁
1603,655,6716,半導體業,應廣
1604,656,6727,電子零組件業,亞泰金屬
1605,657,6728,貿易百貨業,上洋
1606,658,6732,半導體業,昇佳電子
1607,659,6751,資訊服務業,智聯服務
1608,660,6752,資訊服務業,叡揚資訊
1609,661,6762,生技醫療業,達亞
1610,662,6803,其他業,崑鼎
1611,663,7402,光電業,邑錡
1612,664,7556,半導體業,意德士
1613,665,8024,半導體業,佑華
1614,666,8027,電機機械,鈦昇
1615,667,8032,電子通路業,光菱
1616,668,8034,通信網路業,榮群
1617,669,8038,電子零組件業,長園科
1618,670,8040,半導體業,九暘
1619,671,8042,電子零組件業,金山電
1620,672,8043,電子零組件業,蜜望實
1621,673,8044,電子商務,網家
1622,674,8047,其他電子業,星雲
1623,675,8048,通信網路業,德勝
1624,676,8049,光電業,晶采
1625,677,8050,電腦及週邊設備業,廣積
1626,678,8054,半導體業,安國
1627,679,8059,通信網路業,凱碩
1628,680,8064,光電業,東捷
1629,681,8066,貿易百貨業,來思達
1630,682,8067,電子通路業,志旭
1631,683,8068,電子通路業,全達
1632,684,8069,光電業,元太
1633,685,8071,電子零組件業,能率網通
1634,686,8074,電子零組件業,鉅橡
1635,687,8076,電腦及週邊設備業,伍豐
1636,688,8077,觀光事業,洛碁
1637,689,8080,電子零組件業,永利聯合
1638,690,8083,電機機械,瑞穎
1639,691,8084,電子通路業,巨虹
1640,692,8085,其他電子業,福華
1641,693,8086,半導體業,宏捷科
1642,694,8087,光電業,華鎂鑫
1643,695,8088,半導體業,品安
1644,696,8089,通信網路業,康全電訊
1645,697,8091,電子零組件業,翔名
1646,698,8092,其他電子業,建暐
1647,699,8093,電子零組件業,保銳
1648,700,8096,電子通路業,擎亞
1649,701,8097,通信網路業,常珵
1650,702,8099,資訊服務業,大世科
1651,703,8107,電機機械,大億金茂
1652,704,8109,電子零組件業,博大
1653,705,8111,光電業,立碁
1654,706,8121,電子零組件業,越峰
1655,707,8147,電子零組件業,正淩
1656,708,8155,電子零組件業,博智
1657,709,8171,通信網路業,天宇
1658,710,8176,通信網路業,智捷
1659,711,8182,電子零組件業,加高
1660,712,8183,其他電子業,精星
1661,713,8234,電腦及週邊設備業,新漢
1662,714,8240,光電業,華宏
1663,715,8255,電機機械,朋程
1664,716,8277,半導體業,商丞
1665,717,8279,生技醫療業,生展
1666,718,8284,資訊服務業,三竹
1667,719,8289,電子零組件業,泰藝
1668,720,8291,電子零組件業,尚茂
1669,721,8299,半導體業,群聯
1670,722,8342,其他業,益張
1671,723,8349,鋼鐵工業,恒耀
1672,724,8354,塑膠工業,冠好
1673,725,8358,電子零組件業,金居
1674,726,8383,其他電子業,千附
1675,727,8390,其他業,金益鼎
1676,728,8401,其他業,白紗科
1677,729,8403,生技醫療業,盛弘
1678,730,8406,生技醫療業,金可-KY
1679,731,8409,生技醫療業,商之器
1680,732,8410,電腦及週邊設備業,森田
1681,733,8415,鋼鐵工業,大國鋼
1682,734,8416,資訊服務業,實威
1683,735,8418,其他業,捷必勝-KY
1684,736,8420,其他業,明揚
1685,737,8421,其他業,旭源
1686,738,8423,其他業,保綠-KY
1687,739,8424,建材營造業,惠普
1688,740,8426,其他業,紅木-KY
1689,741,8431,其他電子業,匯鑽科
1690,742,8432,生技醫療業,東生華
1691,743,8433,貿易百貨業,弘帆
1692,744,8435,其他業,鉅邁
1693,745,8436,生技醫療業,大江
1694,746,8437,其他業,大地-KY
1695,747,8440,其他業,綠電
1696,748,8444,其他業,綠河-KY
1697,749,8446,文化創意業,華研
1698,750,8450,文化創意業,霹靂
1699,751,8455,其他電子業,大拓-KY
1700,752,8472,電子商務,夠麻吉
1701,753,8476,其他業,台境
1702,754,8477,電子商務,創業家
1703,755,8489,文化創意業,三貝德
1704,756,8905,其他業,裕國
1705,757,8906,其他業,花王
1706,758,8908,油電燃氣業,欣雄
1707,759,8916,其他業,光隆
1708,760,8917,油電燃氣業,欣泰
1709,761,8921,其他業,沈氏
1710,762,8923,文化創意業,時報
1711,763,8924,其他業,大田
1712,764,8927,油電燃氣業,北基
1713,765,8928,其他業,鉅明
1714,766,8929,其他業,富堡
1715,767,8930,鋼鐵工業,青鋼
1716,768,8931,油電燃氣業,大汽電
1717,769,8932,其他業,宏大
1718,770,8933,其他業,愛地雅
1719,771,8935,其他業,邦泰
1720,772,8936,其他業,國統
1721,773,8937,其他業,合騏
1722,774,8938,其他業,明安
1723,775,8941,貿易百貨業,關中
1724,776,8942,其他業,森鉅
1725,777,9949,文化創意業,琉園
1726,778,9950,塑膠工業,萬國通
1727,779,9951,電機機械,皇田
1728,780,9960,貿易百貨業,邁達康
1729,781,9962,鋼鐵工業,有益
1730,782,8916A,其他業,光隆甲特
